{"mean": [-0.7654279416012656, -1.254642888638339, -0.9170141931274118, 0.9927077349640575, -0.8511442710468119, -1.263635509091568, -3.471280318980918, 0.9938352962001031, -0.7406562654351246, -1.267204843776499, -3.459782439994063, 0.9907597070690297, -0.6463005663697396, -0.950762539350686, -3.845224753968258, 0.9920257091997009, -0.52441418394177, -1.3128007330135392, -3.7379045292043194, 0.987769250729296, -0.3141441845225922, -1.371724693078682, -3.7407900977740174, 0.9888554523263325, -0.007856088392735647, -1.4032668180069552, -2.193289379465777, 0.9935685744096919, -0.6677550669564539, -0.6575245728384764, -2.8122753935954345, 0.9895385996508999, -0.39211841778353757, -0.6836377112956937, -3.1365271085711735, 0.9905097298845857, -1.5140380664999422, 2.554643086285334, -1.779164270742157, 0.30979059322289837, -1.501961536374639, 2.421013822761266, -0.9532321600826197, 0.26477398534610863, -1.488343937605698, 1.5788266870532075, 0.9077802181814538, 0.21974689612854456, -1.060656863262319, 0.15038328516860847, 0.9767974652236141, 0.9934531512881527, 1.060656863262319, -0.15038328516860847, -0.9767974652236141, 0.9947357108028663, 2.0639478312399726, 1.0048733681772548, -1.959989321756955, 0.4505200286606015, 1.8233053857466788, 2.4511986228761136, -3.733122835327985, 0.26853568468466094, 1.6339065229165592, 2.675015758328697, -4.474045611989107, 0.29523480395372], "std": [1.0914478519441844, 0.5664293784178704, 1.7851722265401493, 0.04130737970557163, 1.2440618502641356, 0.40910027254375225, 4.388316992383656, 0.043288488636822275, 1.1547602190669022, 0.37255969502357905, 4.37525426942596, 0.05695549133403454, 0.9746034798395102, 0.26461840184138247, 4.592431418618407, 0.0564129311995295, 0.9978354403127045, 0.43120771644425565, 4.7622821055865945, 0.06442977961107327, 0.8505024831172924, 0.584599932494415, 4.765969158652497, 0.059968438009204324, 0.591132693916059, 0.9174246854211123, 3.5287558408919275, 0.0405764751021074, 0.8716976797145964, 0.41825491304747126, 3.410198893688678, 0.04727284660825558, 0.6681990120194056, 0.3469261975960354, 3.8763883872426286, 0.04727782671883357, 1.3561168768712901, 3.8099771703477785, 5.352462849882701, 0.3701079298590665, 1.1835767055743862, 3.4423770011841386, 5.50746054213572, 0.34060434758730684, 1.010346687312561, 2.1465117879735547, 4.1946711769249, 0.20943652097242732, 0.9716616722830319, 0.3545333248376466, 1.7317819432050037, 0.016745224635626138, 0.9716616722830319, 0.3545333248376466, 1.7317819432050037, 0.017194097503057122, 2.042864491070697, 0.797320226527138, 2.7146951661718273, 0.36004627635397723, 2.389816454410504, 3.0320617846208733, 4.795221084830502, 0.36606216748599185, 2.3861180837838907, 3.5353566428145244, 5.514823810071297, 0.36041202841039666], "label_map": {"Leaning_Left": 0, "Leaning_Right": 1, "Reclining": 2, "Sitting_Straight": 3, "Slouching": 4}}